Date + hour (YYYYMMDDHH),Views
"Feb 19, 2025, 9AM",1
"Feb 19, 2025, 10AM",13
"Feb 19, 2025, 11AM",1
"Feb 19, 2025, 2PM",0
"Feb 19, 2025, 3PM",1
"Feb 19, 2025, 5PM",4
"Feb 20, 2025, 10AM",2
"Feb 20, 2025, 12PM",1
"Feb 20, 2025, 2PM",2
"Feb 20, 2025, 3PM",1
"Feb 20, 2025, 4PM",2
"Feb 20, 2025, 5PM",1
"Feb 20, 2025, 6PM",0
"Feb 21, 2025, 9AM",2
"Feb 21, 2025, 3PM",13
"Feb 21, 2025, 4PM",0
"Feb 21, 2025, 5PM",1
"Feb 23, 2025, 10AM",1
"Feb 24, 2025, 9AM",2
"Feb 24, 2025, 10AM",1
"Feb 24, 2025, 11AM",2
"Feb 24, 2025, 4PM",1
"Feb 24, 2025, 5PM",3
"Feb 25, 2025, 9AM",1
"Feb 25, 2025, 10AM",7
"Feb 25, 2025, 11AM",4
"Feb 25, 2025, 2PM",2
"Feb 26, 2025, 9AM",11
"Feb 26, 2025, 10AM",1
"Feb 26, 2025, 2PM",0
"Feb 26, 2025, 3PM",0
"Feb 26, 2025, 7PM",10
"Feb 26, 2025, 8PM",3
"Feb 27, 2025, 6AM",1
"Mar 1, 2025, 2PM",3
"Mar 1, 2025, 3PM",1
"Mar 2, 2025, 8PM",2
"Mar 3, 2025, 9AM",1
"Mar 3, 2025, 10AM",2
"Mar 3, 2025, 11AM",1
"Mar 3, 2025, 5PM",1
"Mar 4, 2025, 7PM",5
"Mar 6, 2025, 10PM",1
"Mar 7, 2025, 9AM",1
"Mar 7, 2025, 12PM",4
"Mar 7, 2025, 1PM",3
"Mar 9, 2025, 7PM",5
"Mar 10, 2025, 4PM",2
"Mar 10, 2025, 5PM",1
"Mar 11, 2025, 11AM",2
"Mar 11, 2025, 12PM",5
"Mar 12, 2025, 8AM",0
"Mar 12, 2025, 3PM",2
"Mar 12, 2025, 4PM",2
"Mar 12, 2025, 8PM",1
"Mar 13, 2025, 1PM",2
"Mar 13, 2025, 4PM",1
"Mar 14, 2025, 9AM",0
"Mar 14, 2025, 5PM",2
"Mar 14, 2025, 6PM",0
"Mar 15, 2025, 11AM",1
"Mar 15, 2025, 7PM",3
"Mar 17, 2025, 5PM",4
"Mar 18, 2025, 1PM",1
"Mar 18, 2025, 2PM",4
"Mar 20, 2025, 10AM",2
"Mar 20, 2025, 11AM",0
"Mar 20, 2025, 2PM",2
"Mar 20, 2025, 3PM",0
"Mar 20, 2025, 4PM",1
"Mar 20, 2025, 5PM",2
"Mar 20, 2025, 6PM",4
"Mar 20, 2025, 9PM",3
"Mar 21, 2025, 6AM",5
"Mar 21, 2025, 9AM",2
"Mar 21, 2025, 10AM",0
"Mar 21, 2025, 11AM",12
"Mar 21, 2025, 12PM",1
"Mar 21, 2025, 2PM",1
"Mar 21, 2025, 3PM",1
"Mar 21, 2025, 6PM",0
"Mar 21, 2025, 10PM",1
"Mar 22, 2025, 7PM",1
"Mar 24, 2025, 5PM",1
"Mar 25, 2025, 11AM",2
"Mar 25, 2025, 12PM",0
"Mar 25, 2025, 1PM",4
"Mar 25, 2025, 2PM",2
"Mar 25, 2025, 3PM",1
"Mar 25, 2025, 4PM",1
"Mar 25, 2025, 5PM",4
"Mar 25, 2025, 6PM",3
"Mar 25, 2025, 7PM",1
"Mar 25, 2025, 8PM",4
"Mar 25, 2025, 9PM",5
"Mar 25, 2025, 10PM",8
"Mar 25, 2025, 11PM",6
"Mar 26, 2025, 12AM",11
"Mar 26, 2025, 2AM",1
"Mar 26, 2025, 5AM",3
"Mar 26, 2025, 6AM",1
"Mar 26, 2025, 7AM",1
"Mar 26, 2025, 8AM",2
"Mar 26, 2025, 9AM",12
"Mar 26, 2025, 11AM",8
"Mar 26, 2025, 12PM",8
"Mar 26, 2025, 1PM",5
"Mar 26, 2025, 2PM",5
"Mar 26, 2025, 3PM",5
"Mar 26, 2025, 4PM",15
"Mar 26, 2025, 5PM",3
"Mar 26, 2025, 6PM",9
"Mar 26, 2025, 7PM",3
"Mar 26, 2025, 8PM",8
"Mar 26, 2025, 9PM",5
"Mar 26, 2025, 10PM",4
"Mar 27, 2025, 1AM",2
"Mar 27, 2025, 2AM",3
"Mar 27, 2025, 4AM",5
"Mar 27, 2025, 9AM",2
"Mar 27, 2025, 10AM",18
"Mar 27, 2025, 11AM",6
"Mar 27, 2025, 12PM",18
"Mar 27, 2025, 1PM",8
"Mar 27, 2025, 2PM",11
"Mar 27, 2025, 3PM",13
"Mar 27, 2025, 4PM",11
"Mar 27, 2025, 5PM",15
"Mar 27, 2025, 6PM",6
"Mar 27, 2025, 7PM",11
"Mar 27, 2025, 8PM",10
"Mar 27, 2025, 9PM",7
"Mar 27, 2025, 10PM",9
"Mar 27, 2025, 11PM",2
"Mar 28, 2025, 12AM",5
"Mar 28, 2025, 4AM",2
"Mar 28, 2025, 6AM",4
"Mar 28, 2025, 7AM",7
"Mar 28, 2025, 9AM",3
"Mar 28, 2025, 10AM",17
"Mar 28, 2025, 11AM",18
"Mar 28, 2025, 12PM",11
"Mar 28, 2025, 1PM",17
"Mar 28, 2025, 2PM",10
"Mar 28, 2025, 3PM",6
"Mar 28, 2025, 4PM",1
"Mar 28, 2025, 5PM",5
"Mar 28, 2025, 7PM",5
"Mar 28, 2025, 8PM",4
"Mar 28, 2025, 9PM",2
"Mar 28, 2025, 10PM",5
"Mar 28, 2025, 11PM",8
"Mar 29, 2025, 12AM",4
"Mar 29, 2025, 2AM",1
"Mar 29, 2025, 3AM",3
"Mar 29, 2025, 4AM",1
"Mar 29, 2025, 5AM",4
"Mar 29, 2025, 6AM",2
"Mar 29, 2025, 7AM",3
"Mar 29, 2025, 8AM",14
"Mar 29, 2025, 9AM",4
"Mar 29, 2025, 10AM",12
"Mar 29, 2025, 11AM",9
"Mar 29, 2025, 12PM",1
"Mar 29, 2025, 1PM",4
"Mar 29, 2025, 2PM",5
"Mar 29, 2025, 3PM",5
"Mar 29, 2025, 4PM",5
"Mar 29, 2025, 5PM",8
"Mar 29, 2025, 6PM",6
"Mar 29, 2025, 7PM",1
"Mar 29, 2025, 8PM",1
"Mar 29, 2025, 9PM",6
"Mar 29, 2025, 10PM",11
"Mar 29, 2025, 11PM",2
"Mar 30, 2025, 12AM",1
"Mar 30, 2025, 3AM",1
"Mar 30, 2025, 6AM",1
"Mar 30, 2025, 7AM",3
"Mar 30, 2025, 8AM",5
"Mar 30, 2025, 9AM",12
"Mar 30, 2025, 10AM",5
"Mar 30, 2025, 11AM",1
"Mar 30, 2025, 12PM",3
"Mar 30, 2025, 1PM",4
"Mar 30, 2025, 2PM",6
"Mar 30, 2025, 3PM",5
"Mar 30, 2025, 4PM",3
"Mar 30, 2025, 5PM",3
"Mar 30, 2025, 6PM",11
"Mar 30, 2025, 7PM",12
"Mar 30, 2025, 8PM",9
"Mar 30, 2025, 9PM",15
"Mar 30, 2025, 10PM",15
"Mar 30, 2025, 11PM",3
"Mar 31, 2025, 12AM",2
"Mar 31, 2025, 7AM",4
"Mar 31, 2025, 8AM",1
"Mar 31, 2025, 9AM",14
"Mar 31, 2025, 10AM",5
"Mar 31, 2025, 11AM",9
"Mar 31, 2025, 12PM",10
"Mar 31, 2025, 1PM",2
"Mar 31, 2025, 2PM",4
"Mar 31, 2025, 3PM",11
"Mar 31, 2025, 4PM",6
"Mar 31, 2025, 5PM",15
"Mar 31, 2025, 6PM",6
"Mar 31, 2025, 7PM",1
"Mar 31, 2025, 8PM",9
"Mar 31, 2025, 9PM",17
"Mar 31, 2025, 10PM",8
"Mar 31, 2025, 11PM",8
"Apr 1, 2025, 12AM",2
"Apr 1, 2025, 3AM",1
"Apr 1, 2025, 5AM",3
"Apr 1, 2025, 7AM",7
"Apr 1, 2025, 8AM",9
"Apr 1, 2025, 9AM",5
"Apr 1, 2025, 10AM",9
"Apr 1, 2025, 11AM",13
"Apr 1, 2025, 12PM",28
"Apr 1, 2025, 1PM",7
"Apr 1, 2025, 2PM",25
"Apr 1, 2025, 3PM",4
"Apr 1, 2025, 4PM",11
"Apr 1, 2025, 5PM",10
"Apr 1, 2025, 6PM",8
"Apr 1, 2025, 7PM",5
"Apr 1, 2025, 8PM",2
"Apr 1, 2025, 9PM",1
"Apr 1, 2025, 10PM",4
"Apr 1, 2025, 11PM",1
"Apr 2, 2025, 12AM",3
"Apr 2, 2025, 1AM",8
"Apr 2, 2025, 2AM",5
"Apr 2, 2025, 3AM",1
"Apr 2, 2025, 5AM",1
"Apr 2, 2025, 6AM",1
"Apr 2, 2025, 7AM",3
"Apr 2, 2025, 8AM",5
"Apr 2, 2025, 9AM",3
"Apr 2, 2025, 10AM",9
"Apr 2, 2025, 11AM",8
"Apr 2, 2025, 12PM",11
"Apr 2, 2025, 1PM",3
"Apr 2, 2025, 2PM",9
"Apr 2, 2025, 3PM",5
"Apr 2, 2025, 4PM",14
"Apr 2, 2025, 5PM",3
"Apr 2, 2025, 6PM",4
"Apr 2, 2025, 7PM",4
"Apr 2, 2025, 8PM",1
"Apr 2, 2025, 9PM",3
"Apr 2, 2025, 10PM",5
"Apr 2, 2025, 11PM",9
"Apr 3, 2025, 12AM",8
"Apr 3, 2025, 1AM",4
"Apr 3, 2025, 2AM",4
"Apr 3, 2025, 4AM",1
"Apr 3, 2025, 5AM",3
"Apr 3, 2025, 6AM",0
"Apr 3, 2025, 7AM",6
"Apr 3, 2025, 8AM",11
"Apr 3, 2025, 9AM",7
"Apr 3, 2025, 10AM",10
"Apr 3, 2025, 11AM",3
"Apr 3, 2025, 12PM",1
"Apr 3, 2025, 2PM",2
"Apr 3, 2025, 3PM",15
"Apr 3, 2025, 4PM",2
"Apr 3, 2025, 5PM",14
"Apr 3, 2025, 6PM",2
"Apr 3, 2025, 7PM",8
"Apr 3, 2025, 8PM",6
"Apr 3, 2025, 9PM",2
"Apr 3, 2025, 10PM",3
"Apr 3, 2025, 11PM",4
"Apr 4, 2025, 12AM",10
"Apr 4, 2025, 1AM",5
"Apr 4, 2025, 6AM",4
"Apr 4, 2025, 7AM",1
"Apr 4, 2025, 8AM",14
"Apr 4, 2025, 9AM",12
"Apr 4, 2025, 10AM",8
"Apr 4, 2025, 11AM",3
"Apr 4, 2025, 12PM",3
"Apr 4, 2025, 1PM",1
"Apr 4, 2025, 2PM",5
"Apr 4, 2025, 3PM",1
"Apr 4, 2025, 5PM",1
"Apr 4, 2025, 6PM",2
"Apr 4, 2025, 7PM",2
"Apr 4, 2025, 8PM",7
"Apr 4, 2025, 9PM",9
"Apr 4, 2025, 10PM",6
"Apr 4, 2025, 11PM",12
"Apr 5, 2025, 7AM",6
"Apr 5, 2025, 2PM",2
"Apr 5, 2025, 4PM",3
"Apr 5, 2025, 8PM",6
"Apr 5, 2025, 10PM",4
"Apr 5, 2025, 11PM",5
"Apr 6, 2025, 8AM",4
"Apr 6, 2025, 9AM",0
"Apr 6, 2025, 11AM",1
"Apr 6, 2025, 1PM",1
"Apr 6, 2025, 2PM",3
"Apr 6, 2025, 4PM",2
"Apr 6, 2025, 5PM",2
"Apr 6, 2025, 6PM",1
"Apr 6, 2025, 7PM",1
"Apr 6, 2025, 10PM",2
"Apr 7, 2025, 12AM",1
"Apr 7, 2025, 3AM",3
"Apr 7, 2025, 9AM",3
"Apr 7, 2025, 12PM",5
"Apr 7, 2025, 1PM",1
"Apr 7, 2025, 3PM",9
"Apr 7, 2025, 4PM",4
"Apr 7, 2025, 5PM",7
"Apr 7, 2025, 6PM",0
"Apr 7, 2025, 10PM",5
"Apr 8, 2025, 3AM",2
"Apr 8, 2025, 9AM",2
"Apr 8, 2025, 11AM",4
"Apr 8, 2025, 12PM",5
"Apr 8, 2025, 1PM",10
"Apr 8, 2025, 2PM",2
"Apr 8, 2025, 3PM",4
"Apr 8, 2025, 4PM",4
"Apr 8, 2025, 7PM",4
"Apr 9, 2025, 9AM",4
"Apr 9, 2025, 10AM",2
"Apr 9, 2025, 11AM",6
"Apr 9, 2025, 12PM",1
"Apr 9, 2025, 2PM",8
"Apr 9, 2025, 3PM",2
"Apr 9, 2025, 4PM",1
"Apr 9, 2025, 5PM",6
"Apr 9, 2025, 6PM",1
"Apr 9, 2025, 7PM",6
"Apr 10, 2025, 12AM",1
"Apr 10, 2025, 3AM",2
"Apr 10, 2025, 9AM",5
"Apr 10, 2025, 10AM",10
"Apr 10, 2025, 11AM",6
"Apr 10, 2025, 12PM",1
"Apr 10, 2025, 2PM",4
"Apr 10, 2025, 3PM",3
"Apr 10, 2025, 4PM",3
"Apr 10, 2025, 5PM",0
"Apr 10, 2025, 6PM",1
"Apr 11, 2025, 12PM",2
"Apr 11, 2025, 2PM",1
"Apr 11, 2025, 3PM",3
"Apr 11, 2025, 4PM",4
"Apr 11, 2025, 5PM",4
"Apr 11, 2025, 6PM",3
"Apr 11, 2025, 9PM",1
"Apr 11, 2025, 10PM",4
"Apr 12, 2025, 9AM",3
"Apr 12, 2025, 12PM",9
"Apr 12, 2025, 1PM",4
"Apr 12, 2025, 3PM",5
"Apr 12, 2025, 4PM",5
"Apr 12, 2025, 5PM",0
"Apr 12, 2025, 8PM",3
"Apr 12, 2025, 10PM",1
"Apr 13, 2025, 1AM",1
"Apr 13, 2025, 10AM",1
"Apr 13, 2025, 1PM",2
"Apr 13, 2025, 2PM",4
"Apr 13, 2025, 9PM",3
"Apr 13, 2025, 10PM",7
"Apr 14, 2025, 9AM",2
"Apr 14, 2025, 10AM",2
"Apr 14, 2025, 11AM",2
"Apr 14, 2025, 12PM",1
"Apr 14, 2025, 3PM",1
"Apr 14, 2025, 4PM",4
"Apr 14, 2025, 5PM",1
"Apr 14, 2025, 7PM",0
"Apr 14, 2025, 8PM",1
"Apr 14, 2025, 10PM",1
"Apr 15, 2025, 12AM",3
"Apr 15, 2025, 4AM",3
"Apr 15, 2025, 9AM",5
"Apr 15, 2025, 10AM",7
"Apr 15, 2025, 11AM",1
"Apr 15, 2025, 12PM",9
"Apr 15, 2025, 2PM",4
"Apr 15, 2025, 3PM",5
"Apr 15, 2025, 4PM",2
"Apr 15, 2025, 5PM",5
"Apr 15, 2025, 6PM",2
"Apr 15, 2025, 7PM",4
"Apr 15, 2025, 8PM",9
"Apr 15, 2025, 9PM",3
"Apr 15, 2025, 10PM",13
"Apr 15, 2025, 11PM",4
"Apr 16, 2025, 7AM",5
"Apr 16, 2025, 8AM",2
"Apr 16, 2025, 9AM",8
"Apr 16, 2025, 10AM",13
"Apr 16, 2025, 11AM",6
"Apr 16, 2025, 12PM",2
"Apr 16, 2025, 1PM",18
"Apr 16, 2025, 2PM",15
"Apr 16, 2025, 3PM",1
"Apr 16, 2025, 4PM",2
"Apr 16, 2025, 5PM",4
"Apr 16, 2025, 6PM",6
"Apr 16, 2025, 7PM",7
"Apr 16, 2025, 8PM",1
"Apr 16, 2025, 9PM",1
"Apr 16, 2025, 11PM",5
"Apr 17, 2025, 12AM",2
"Apr 17, 2025, 2AM",1
"Apr 17, 2025, 7AM",1
"Apr 17, 2025, 9AM",3
"Apr 17, 2025, 10AM",2
"Apr 17, 2025, 11AM",4
"Apr 17, 2025, 12PM",3
"Apr 17, 2025, 1PM",3
"Apr 17, 2025, 2PM",2
"Apr 17, 2025, 3PM",4
"Apr 17, 2025, 4PM",1
"Apr 17, 2025, 5PM",5
"Apr 17, 2025, 6PM",2
"Apr 17, 2025, 7PM",5
"Apr 17, 2025, 8PM",7
"Apr 17, 2025, 9PM",7
"Apr 17, 2025, 10PM",9
"Apr 17, 2025, 11PM",2
"Apr 18, 2025, 1AM",3
"Apr 18, 2025, 7AM",2
"Apr 18, 2025, 9AM",5
"Apr 18, 2025, 11AM",7
"Apr 18, 2025, 12PM",7
"Apr 18, 2025, 1PM",0
"Apr 18, 2025, 4PM",2
"Apr 18, 2025, 6PM",2
"Apr 18, 2025, 8PM",1
"Apr 18, 2025, 9PM",5
"Apr 18, 2025, 11PM",5
"Apr 19, 2025, 12AM",11
"Apr 19, 2025, 2AM",4
"Apr 19, 2025, 7AM",2
"Apr 19, 2025, 10AM",2
"Apr 19, 2025, 11AM",6
"Apr 19, 2025, 12PM",3
"Apr 19, 2025, 2PM",10
"Apr 19, 2025, 3PM",1
"Apr 19, 2025, 4PM",5
"Apr 19, 2025, 5PM",1
"Apr 19, 2025, 8PM",1
"Apr 19, 2025, 10PM",3
"Apr 20, 2025, 10AM",6
"Apr 20, 2025, 6PM",1
"Apr 20, 2025, 7PM",1
"Apr 20, 2025, 8PM",2
"Apr 20, 2025, 9PM",5
"Apr 20, 2025, 10PM",1
"Apr 20, 2025, 11PM",0
"Apr 21, 2025, 8AM",3
"Apr 21, 2025, 9AM",1
"Apr 21, 2025, 10AM",2
"Apr 21, 2025, 11AM",1
"Apr 21, 2025, 2PM",1
"Apr 21, 2025, 3PM",2
"Apr 21, 2025, 7PM",4
"Apr 21, 2025, 8PM",5
"Apr 21, 2025, 11PM",2
"Apr 22, 2025, 7AM",3
"Apr 22, 2025, 9AM",6
"Apr 22, 2025, 10AM",3
"Apr 22, 2025, 11AM",3
"Apr 22, 2025, 12PM",0
"Apr 22, 2025, 1PM",1
"Apr 22, 2025, 2PM",9
"Apr 22, 2025, 3PM",10
"Apr 22, 2025, 4PM",4
"Apr 22, 2025, 5PM",11
"Apr 22, 2025, 6PM",7
"Apr 22, 2025, 7PM",2
"Apr 22, 2025, 8PM",13
"Apr 22, 2025, 9PM",4
"Apr 22, 2025, 10PM",4
"Apr 22, 2025, 11PM",4
"Apr 23, 2025, 1AM",1
"Apr 23, 2025, 2AM",2
"Apr 23, 2025, 8AM",2
"Apr 23, 2025, 9AM",2
"Apr 23, 2025, 10AM",1
"Apr 23, 2025, 11AM",4
"Apr 23, 2025, 12PM",12
"Apr 23, 2025, 1PM",5
"Apr 23, 2025, 3PM",2
"Apr 23, 2025, 9PM",5
"Apr 24, 2025, 7AM",1
"Apr 24, 2025, 8AM",5
"Apr 24, 2025, 9AM",5
"Apr 24, 2025, 10AM",9
"Apr 24, 2025, 11AM",1
"Apr 24, 2025, 12PM",12
"Apr 24, 2025, 1PM",4
"Apr 24, 2025, 3PM",8
"Apr 24, 2025, 4PM",3
"Apr 24, 2025, 5PM",1
"Apr 24, 2025, 6PM",1
"Apr 24, 2025, 7PM",4
"Apr 24, 2025, 9PM",7
"Apr 24, 2025, 10PM",7
"Apr 25, 2025, 12AM",3
"Apr 25, 2025, 1AM",5
"Apr 25, 2025, 2AM",4
"Apr 25, 2025, 12PM",5
"Apr 25, 2025, 5PM",2
"Apr 25, 2025, 6PM",1
"Apr 25, 2025, 7PM",2
"Apr 25, 2025, 9PM",2
"Apr 25, 2025, 11PM",7
"Apr 26, 2025, 12AM",3
"Apr 26, 2025, 1AM",1
"Apr 26, 2025, 6AM",1
"Apr 26, 2025, 7AM",4
"Apr 26, 2025, 10AM",5
"Apr 26, 2025, 11AM",3
"Apr 26, 2025, 12PM",3
"Apr 26, 2025, 3PM",1
"Apr 26, 2025, 4PM",3
"Apr 26, 2025, 5PM",2
"Apr 26, 2025, 6PM",2
"Apr 26, 2025, 7PM",7
"Apr 26, 2025, 9PM",4
"Apr 26, 2025, 10PM",6
"Apr 26, 2025, 11PM",1
"Apr 27, 2025, 12AM",2
"Apr 27, 2025, 7AM",4
"Apr 27, 2025, 8AM",1
"Apr 27, 2025, 9AM",1
"Apr 27, 2025, 10AM",4
"Apr 27, 2025, 2PM",9
"Apr 27, 2025, 3PM",6
"Apr 27, 2025, 4PM",5
"Apr 27, 2025, 8PM",1
"Apr 27, 2025, 10PM",1
"Apr 27, 2025, 11PM",7
"Apr 28, 2025, 4AM",4
"Apr 28, 2025, 7AM",1
"Apr 28, 2025, 8AM",2
"Apr 28, 2025, 9AM",3
"Apr 28, 2025, 11AM",6
"Apr 28, 2025, 12PM",1
"Apr 28, 2025, 9PM",1
"Apr 29, 2025, 8AM",2
"Apr 29, 2025, 10AM",1
"Apr 29, 2025, 11AM",6
"Apr 29, 2025, 12PM",1
"Apr 29, 2025, 1PM",4
"Apr 29, 2025, 2PM",6
"Apr 29, 2025, 3PM",5
"Apr 29, 2025, 4PM",1
"Apr 29, 2025, 5PM",2
"Apr 29, 2025, 6PM",8
"Apr 29, 2025, 7PM",8
"Apr 29, 2025, 9PM",2
"Apr 29, 2025, 10PM",3
"Apr 30, 2025, 2AM",1
"Apr 30, 2025, 7AM",2
"Apr 30, 2025, 8AM",2
"Apr 30, 2025, 9AM",6
"Apr 30, 2025, 10AM",3
"Apr 30, 2025, 11AM",3
"Apr 30, 2025, 1PM",2
"Apr 30, 2025, 2PM",0
"Apr 30, 2025, 3PM",3
"Apr 30, 2025, 4PM",2
"Apr 30, 2025, 5PM",1
"Apr 30, 2025, 6PM",1
"Apr 30, 2025, 7PM",3
"Apr 30, 2025, 8PM",2
"Apr 30, 2025, 9PM",1
"Apr 30, 2025, 11PM",1
"May 1, 2025, 9AM",2
"May 1, 2025, 10AM",9
"May 1, 2025, 11AM",1
"May 1, 2025, 12PM",1
"May 1, 2025, 1PM",3
"May 1, 2025, 2PM",1
"May 1, 2025, 4PM",3
"May 1, 2025, 7PM",7
"May 1, 2025, 8PM",8
"May 1, 2025, 9PM",6
"May 1, 2025, 11PM",2
"May 2, 2025, 9AM",2
"May 2, 2025, 10AM",2
"May 2, 2025, 11AM",2
"May 2, 2025, 12PM",4
"May 2, 2025, 1PM",5
"May 2, 2025, 3PM",3
"May 2, 2025, 4PM",0
"May 2, 2025, 5PM",4
"May 2, 2025, 6PM",7
"May 2, 2025, 7PM",1
"May 2, 2025, 8PM",1
"May 2, 2025, 9PM",6
"May 2, 2025, 11PM",2
"May 3, 2025, 12AM",2
"May 3, 2025, 1AM",0
"May 3, 2025, 8AM",5
"May 3, 2025, 11AM",3
"May 3, 2025, 12PM",2
"May 3, 2025, 4PM",4
"May 3, 2025, 6PM",3
"May 3, 2025, 10PM",1
"May 4, 2025, 3AM",1
"May 4, 2025, 11AM",1
"May 4, 2025, 1PM",2
"May 4, 2025, 2PM",8
"May 4, 2025, 3PM",5
"May 4, 2025, 4PM",3
"May 4, 2025, 6PM",4
"May 4, 2025, 8PM",2
"May 4, 2025, 9PM",3
"May 5, 2025, 12AM",3
"May 5, 2025, 9AM",1
"May 5, 2025, 10AM",2
"May 5, 2025, 12PM",6
"May 5, 2025, 1PM",3
"May 5, 2025, 3PM",2
"May 5, 2025, 5PM",3
"May 5, 2025, 6PM",0
"May 5, 2025, 7PM",8
"May 5, 2025, 10PM",1
"May 6, 2025, 8AM",2
"May 6, 2025, 9AM",1
"May 6, 2025, 12PM",5
"May 6, 2025, 1PM",5
"May 6, 2025, 2PM",2
"May 6, 2025, 4PM",12
"May 6, 2025, 5PM",3
"May 6, 2025, 6PM",2
"May 6, 2025, 8PM",3
"May 6, 2025, 10PM",10
"May 7, 2025, 3AM",1
"May 7, 2025, 9AM",3
"May 7, 2025, 10AM",3
"May 7, 2025, 11AM",16
"May 7, 2025, 12PM",6
"May 7, 2025, 1PM",5
"May 7, 2025, 2PM",3
"May 7, 2025, 3PM",1
"May 7, 2025, 4PM",6
"May 7, 2025, 5PM",8
"May 7, 2025, 6PM",1
"May 7, 2025, 7PM",1
"May 7, 2025, 8PM",8
"May 8, 2025, 7AM",1
"May 8, 2025, 8AM",0
"May 8, 2025, 9AM",7
"May 8, 2025, 10AM",0
"May 8, 2025, 11AM",2
"May 8, 2025, 12PM",6
"May 8, 2025, 1PM",5
"May 8, 2025, 2PM",5
"May 8, 2025, 3PM",2
"May 8, 2025, 5PM",6
"May 8, 2025, 6PM",1
"May 8, 2025, 7PM",10
"May 8, 2025, 8PM",5
"May 8, 2025, 9PM",3
"May 9, 2025, 12AM",4
"May 9, 2025, 8AM",1
"May 9, 2025, 9AM",2
"May 9, 2025, 10AM",6
"May 9, 2025, 11AM",9
"May 9, 2025, 12PM",5
"May 9, 2025, 2PM",13
"May 9, 2025, 3PM",4
"May 9, 2025, 5PM",4
"May 9, 2025, 6PM",5
"May 9, 2025, 8PM",3
"May 9, 2025, 11PM",1
"May 10, 2025, 9AM",5
"May 10, 2025, 10AM",1
"May 10, 2025, 12PM",2
"May 10, 2025, 1PM",3
"May 10, 2025, 4PM",1
"May 10, 2025, 5PM",1
"May 10, 2025, 7PM",2
"May 10, 2025, 9PM",1
"May 11, 2025, 9AM",2
"May 11, 2025, 2PM",1
"May 11, 2025, 5PM",2
"May 11, 2025, 8PM",9
"May 12, 2025, 8AM",2
"May 12, 2025, 12PM",3
"May 12, 2025, 2PM",5
"May 12, 2025, 3PM",7
"May 12, 2025, 4PM",5
"May 12, 2025, 6PM",2
"May 12, 2025, 7PM",0
"May 12, 2025, 10PM",6
"May 12, 2025, 11PM",2
"May 13, 2025, 4AM",2
"May 13, 2025, 8AM",4
"May 13, 2025, 9AM",3
"May 13, 2025, 10AM",10
"May 13, 2025, 12PM",8
"May 13, 2025, 1PM",2
"May 13, 2025, 2PM",3
"May 13, 2025, 3PM",6
"May 13, 2025, 4PM",1
"May 13, 2025, 5PM",6
"May 13, 2025, 6PM",2
"May 13, 2025, 8PM",4
"May 13, 2025, 9PM",4
"May 13, 2025, 10PM",1
"May 13, 2025, 11PM",2
"May 14, 2025, 3AM",1
"May 14, 2025, 9AM",6
"May 14, 2025, 10AM",5
"May 14, 2025, 11AM",10
"May 14, 2025, 12PM",7
"May 14, 2025, 2PM",3
"May 14, 2025, 5PM",1
"May 14, 2025, 6PM",8
"May 14, 2025, 7PM",0
"May 14, 2025, 8PM",1
"May 14, 2025, 9PM",1
"May 14, 2025, 10PM",1
"May 15, 2025, 12AM",1
"May 15, 2025, 7AM",1
"May 15, 2025, 9AM",7
"May 15, 2025, 11AM",4
"May 15, 2025, 12PM",10
"May 15, 2025, 1PM",2
"May 15, 2025, 3PM",1
"May 15, 2025, 4PM",3
"May 15, 2025, 5PM",4
"May 15, 2025, 6PM",8
"May 15, 2025, 7PM",0
"May 15, 2025, 8PM",5
"May 15, 2025, 9PM",6
"May 16, 2025, 12AM",5
"May 16, 2025, 6AM",4
"May 16, 2025, 7AM",2
"May 16, 2025, 8AM",1
"May 16, 2025, 12PM",4
"May 16, 2025, 1PM",7
"May 16, 2025, 3PM",1
"May 16, 2025, 4PM",1
"May 16, 2025, 5PM",10
"May 16, 2025, 6PM",4
"May 16, 2025, 8PM",5
"May 16, 2025, 9PM",11
"May 16, 2025, 10PM",1
"May 17, 2025, 3PM",1
"May 18, 2025, 12AM",3
"May 18, 2025, 10AM",5
"May 18, 2025, 11AM",2
"May 18, 2025, 12PM",1
"May 18, 2025, 2PM",1
"May 18, 2025, 5PM",8
"May 18, 2025, 6PM",1
"May 19, 2025, 8AM",1
"May 19, 2025, 9AM",1
"May 19, 2025, 10AM",1
"May 19, 2025, 11AM",1
"May 19, 2025, 12PM",4
"May 19, 2025, 2PM",7
"May 19, 2025, 3PM",2
"May 19, 2025, 4PM",8
"May 19, 2025, 5PM",9
"May 19, 2025, 6PM",3
"May 19, 2025, 9PM",12
"May 19, 2025, 10PM",7
"May 19, 2025, 11PM",5
"May 20, 2025, 4AM",2
"May 20, 2025, 7AM",2
"May 20, 2025, 8AM",6
"May 20, 2025, 9AM",1
"May 20, 2025, 10AM",14
"May 20, 2025, 11AM",7
"May 20, 2025, 12PM",1
"May 20, 2025, 1PM",9
"May 20, 2025, 3PM",6
"May 20, 2025, 4PM",1
"May 20, 2025, 6PM",7
"May 20, 2025, 7PM",5
"May 20, 2025, 11PM",4
"May 21, 2025, 5AM",2
"May 21, 2025, 10AM",3
"May 21, 2025, 2PM",3
"May 21, 2025, 3PM",1
"May 21, 2025, 4PM",6
"May 21, 2025, 5PM",9
"May 21, 2025, 6PM",1
"May 21, 2025, 8PM",2
"May 21, 2025, 10PM",4
"May 22, 2025, 12AM",3
"May 22, 2025, 8AM",1
"May 22, 2025, 9AM",5
"May 22, 2025, 10AM",6
"May 22, 2025, 11AM",3
"May 22, 2025, 1PM",2
"May 22, 2025, 2PM",17
"May 22, 2025, 3PM",12
"May 22, 2025, 4PM",3
"May 22, 2025, 6PM",6
"May 22, 2025, 8PM",9
"May 22, 2025, 9PM",7
"May 22, 2025, 10PM",2
"May 23, 2025, 12AM",1
"May 23, 2025, 5AM",1
"May 23, 2025, 9AM",3
"May 23, 2025, 10AM",1
"May 23, 2025, 11AM",2
"May 23, 2025, 12PM",4
"May 23, 2025, 2PM",1
"May 23, 2025, 3PM",10
"May 23, 2025, 4PM",2
"May 23, 2025, 5PM",5
"May 23, 2025, 6PM",4
"May 23, 2025, 7PM",1
"May 23, 2025, 9PM",2
"May 23, 2025, 11PM",8
"May 24, 2025, 2AM",1
"May 24, 2025, 5AM",1
"May 24, 2025, 10AM",5
"May 24, 2025, 12PM",1
"May 24, 2025, 5PM",3
"May 24, 2025, 6PM",4
"May 24, 2025, 7PM",3
"May 24, 2025, 8PM",4
"May 24, 2025, 10PM",3
"May 24, 2025, 11PM",3
"May 25, 2025, 12AM",2
"May 25, 2025, 8AM",2
"May 25, 2025, 9AM",1
"May 25, 2025, 1PM",1
"May 25, 2025, 6PM",8
"May 25, 2025, 7PM",4
"May 25, 2025, 9PM",10
"May 25, 2025, 10PM",1
"May 26, 2025, 1AM",3
"May 26, 2025, 8AM",1
"May 26, 2025, 9AM",0
"May 26, 2025, 10AM",1
"May 26, 2025, 12PM",2
"May 26, 2025, 2PM",1
"May 26, 2025, 3PM",7
"May 26, 2025, 4PM",4
"May 26, 2025, 5PM",2
"May 26, 2025, 7PM",4
"May 26, 2025, 8PM",1
"May 26, 2025, 9PM",4
"May 26, 2025, 10PM",1
"May 26, 2025, 11PM",6
"May 27, 2025, 12AM",2
"May 27, 2025, 8AM",5
"May 27, 2025, 9AM",5
"May 27, 2025, 10AM",4
"May 27, 2025, 11AM",7
"May 27, 2025, 12PM",5
"May 27, 2025, 3PM",2
"May 27, 2025, 6PM",2
"May 27, 2025, 7PM",2
"May 27, 2025, 8PM",1
"May 27, 2025, 10PM",3
"May 28, 2025, 8AM",5
"May 28, 2025, 9AM",6
"May 28, 2025, 10AM",5
"May 28, 2025, 12PM",1
"May 28, 2025, 1PM",3
"May 28, 2025, 2PM",1
"May 28, 2025, 3PM",4
"May 28, 2025, 4PM",2
"May 28, 2025, 6PM",5
"May 28, 2025, 7PM",0
"May 28, 2025, 8PM",2
"May 28, 2025, 10PM",2
"May 28, 2025, 11PM",4
"May 29, 2025, 1AM",2
"May 29, 2025, 7AM",3
"May 29, 2025, 8AM",2
"May 29, 2025, 9AM",6
"May 29, 2025, 10AM",2
"May 29, 2025, 11AM",1
"May 29, 2025, 12PM",2
"May 29, 2025, 4PM",1
"May 29, 2025, 6PM",1
"May 29, 2025, 7PM",5
"May 29, 2025, 8PM",3
"May 29, 2025, 10PM",6
"May 29, 2025, 11PM",1
"May 30, 2025, 6AM",3
"May 30, 2025, 9AM",4
"May 30, 2025, 11AM",1
"May 30, 2025, 1PM",0
"May 30, 2025, 2PM",1
"May 30, 2025, 3PM",1
"May 30, 2025, 4PM",4
"May 30, 2025, 5PM",9
"May 30, 2025, 6PM",3
"May 30, 2025, 7PM",6
"May 30, 2025, 8PM",2
"May 30, 2025, 9PM",0
"May 30, 2025, 10PM",3
"May 31, 2025, 12AM",1
"May 31, 2025, 9AM",1
"May 31, 2025, 10AM",1
"May 31, 2025, 12PM",5
"May 31, 2025, 1PM",7
"May 31, 2025, 3PM",1
"May 31, 2025, 6PM",2
"Jun 1, 2025, 1PM",1
"Jun 1, 2025, 5PM",5
"Jun 1, 2025, 11PM",3
"Jun 2, 2025, 9AM",2
"Jun 2, 2025, 10AM",5
"Jun 2, 2025, 11AM",3
"Jun 2, 2025, 12PM",2
"Jun 2, 2025, 1PM",7
"Jun 2, 2025, 2PM",1
"Jun 2, 2025, 4PM",9
"Jun 2, 2025, 5PM",1
"Jun 2, 2025, 6PM",6
"Jun 2, 2025, 7PM",1
"Jun 2, 2025, 8PM",2
"Jun 2, 2025, 9PM",1
"Jun 2, 2025, 10PM",1
"Jun 3, 2025, 7AM",1
"Jun 3, 2025, 8AM",0
"Jun 3, 2025, 10AM",0
"Jun 3, 2025, 11AM",3
"Jun 3, 2025, 12PM",1
"Jun 3, 2025, 2PM",5
"Jun 3, 2025, 3PM",2
"Jun 3, 2025, 4PM",1
"Jun 3, 2025, 5PM",1
"Jun 3, 2025, 6PM",5
"Jun 3, 2025, 7PM",3
"Jun 3, 2025, 8PM",3
"Jun 3, 2025, 9PM",7
"Jun 3, 2025, 10PM",2
"Jun 4, 2025, 1AM",1
"Jun 4, 2025, 9AM",0
"Jun 4, 2025, 11AM",13
"Jun 4, 2025, 12PM",8
"Jun 4, 2025, 1PM",1
"Jun 4, 2025, 4PM",2
"Jun 4, 2025, 7PM",11
"Jun 4, 2025, 8PM",2
"Jun 4, 2025, 9PM",1
"Jun 4, 2025, 10PM",2
"Jun 4, 2025, 11PM",3
"Jun 5, 2025, 12AM",2
"Jun 5, 2025, 1AM",2
"Jun 5, 2025, 2AM",2
"Jun 5, 2025, 6AM",1
"Jun 5, 2025, 7AM",4
"Jun 5, 2025, 10AM",1
"Jun 5, 2025, 12PM",7
"Jun 5, 2025, 1PM",1
"Jun 5, 2025, 3PM",1
"Jun 5, 2025, 4PM",1
"Jun 5, 2025, 5PM",3
"Jun 5, 2025, 6PM",16
"Jun 5, 2025, 7PM",3
"Jun 5, 2025, 8PM",5
"Jun 5, 2025, 9PM",1
"Jun 6, 2025, 9AM",3
"Jun 6, 2025, 10AM",20
"Jun 6, 2025, 11AM",1
"Jun 6, 2025, 12PM",9
"Jun 6, 2025, 1PM",1
"Jun 6, 2025, 2PM",8
"Jun 6, 2025, 3PM",9
"Jun 6, 2025, 4PM",0
"Jun 6, 2025, 5PM",14
"Jun 6, 2025, 6PM",3
"Jun 6, 2025, 7PM",3
"Jun 6, 2025, 8PM",9
"Jun 6, 2025, 10PM",1
"Jun 6, 2025, 11PM",1
"Jun 7, 2025, 6AM",1
"Jun 7, 2025, 7AM",6
"Jun 7, 2025, 8AM",3
"Jun 7, 2025, 9AM",2
"Jun 7, 2025, 10AM",1
"Jun 7, 2025, 1PM",2
"Jun 7, 2025, 2PM",4
"Jun 7, 2025, 3PM",7
"Jun 7, 2025, 5PM",1
"Jun 7, 2025, 6PM",3
"Jun 7, 2025, 7PM",4
"Jun 7, 2025, 8PM",1
"Jun 7, 2025, 9PM",4
"Jun 7, 2025, 10PM",2
"Jun 8, 2025, 12AM",2
"Jun 8, 2025, 8AM",1
"Jun 8, 2025, 9AM",1
"Jun 8, 2025, 11AM",4
"Jun 8, 2025, 1PM",2
"Jun 8, 2025, 3PM",8
"Jun 8, 2025, 4PM",0
"Jun 8, 2025, 5PM",1
"Jun 8, 2025, 6PM",1
"Jun 8, 2025, 7PM",2
"Jun 8, 2025, 8PM",1
"Jun 8, 2025, 9PM",3
"Jun 8, 2025, 10PM",2
"Jun 9, 2025, 1AM",1
"Jun 9, 2025, 7AM",2
"Jun 9, 2025, 10AM",2
"Jun 9, 2025, 11AM",11
"Jun 9, 2025, 12PM",5
"Jun 9, 2025, 1PM",4
"Jun 9, 2025, 2PM",5
"Jun 9, 2025, 4PM",6
"Jun 9, 2025, 5PM",1
"Jun 9, 2025, 6PM",3
"Jun 9, 2025, 8PM",3
"Jun 9, 2025, 9PM",1
"Jun 9, 2025, 10PM",4
"Jun 10, 2025, 12AM",0
"Jun 10, 2025, 5AM",1
"Jun 10, 2025, 7AM",4
"Jun 10, 2025, 10AM",2
"Jun 10, 2025, 1PM",3
"Jun 10, 2025, 3PM",3
"Jun 10, 2025, 6PM",5
"Jun 10, 2025, 7PM",4
"Jun 10, 2025, 8PM",2
"Jun 10, 2025, 11PM",2
"Jun 11, 2025, 12AM",3
"Jun 11, 2025, 10AM",13
"Jun 11, 2025, 11AM",4
"Jun 11, 2025, 12PM",4
"Jun 11, 2025, 1PM",9
"Jun 11, 2025, 2PM",5
"Jun 11, 2025, 3PM",3
"Jun 11, 2025, 4PM",3
"Jun 11, 2025, 5PM",5
"Jun 11, 2025, 6PM",11
"Jun 11, 2025, 8PM",2
"Jun 11, 2025, 9PM",2
"Jun 11, 2025, 10PM",17
"Jun 11, 2025, 11PM",2
"Jun 12, 2025, 7AM",2
"Jun 12, 2025, 9AM",8
"Jun 12, 2025, 10AM",2
"Jun 12, 2025, 11AM",2
"Jun 12, 2025, 12PM",10
"Jun 12, 2025, 1PM",14
"Jun 12, 2025, 2PM",3
"Jun 12, 2025, 3PM",9
"Jun 12, 2025, 4PM",7
"Jun 12, 2025, 5PM",17
"Jun 12, 2025, 6PM",9
"Jun 12, 2025, 7PM",2
"Jun 12, 2025, 9PM",4
"Jun 12, 2025, 11PM",2
"Jun 13, 2025, 9AM",6
"Jun 13, 2025, 10AM",5
"Jun 13, 2025, 11AM",5
"Jun 13, 2025, 12PM",8
"Jun 13, 2025, 1PM",8
"Jun 13, 2025, 2PM",15
"Jun 13, 2025, 3PM",9
"Jun 13, 2025, 4PM",8
"Jun 13, 2025, 5PM",1
"Jun 13, 2025, 6PM",3
"Jun 13, 2025, 7PM",1
"Jun 13, 2025, 8PM",4
"Jun 13, 2025, 10PM",2
"Jun 13, 2025, 11PM",4
"Jun 14, 2025, 12AM",1
"Jun 14, 2025, 8AM",5
"Jun 14, 2025, 10AM",2
"Jun 14, 2025, 1PM",1
"Jun 14, 2025, 4PM",5
"Jun 14, 2025, 5PM",2
"Jun 14, 2025, 6PM",4
"Jun 14, 2025, 9PM",12
"Jun 14, 2025, 11PM",7
"Jun 15, 2025, 9AM",4
"Jun 15, 2025, 10AM",1
"Jun 15, 2025, 12PM",4
"Jun 15, 2025, 1PM",7
"Jun 15, 2025, 2PM",3
"Jun 15, 2025, 3PM",11
"Jun 15, 2025, 6PM",3
"Jun 15, 2025, 7PM",1
"Jun 15, 2025, 8PM",2
"Jun 15, 2025, 11PM",8
"Jun 16, 2025, 12AM",4
"Jun 16, 2025, 8AM",4
"Jun 16, 2025, 9AM",4
"Jun 16, 2025, 10AM",1
"Jun 16, 2025, 11AM",8
"Jun 16, 2025, 12PM",5
"Jun 16, 2025, 1PM",6
"Jun 16, 2025, 3PM",10
"Jun 16, 2025, 4PM",7
"Jun 16, 2025, 5PM",11
"Jun 16, 2025, 6PM",1
"Jun 16, 2025, 9PM",1
"Jun 16, 2025, 10PM",4
"Jun 17, 2025, 12AM",1
"Jun 17, 2025, 2AM",2
"Jun 17, 2025, 7AM",1
"Jun 17, 2025, 8AM",0
"Jun 17, 2025, 9AM",7
"Jun 17, 2025, 10AM",14
"Jun 17, 2025, 11AM",3
"Jun 17, 2025, 12PM",13
"Jun 17, 2025, 1PM",0
"Jun 17, 2025, 2PM",8
"Jun 17, 2025, 3PM",6
"Jun 17, 2025, 4PM",14
"Jun 17, 2025, 5PM",4
"Jun 17, 2025, 6PM",4
"Jun 17, 2025, 7PM",4
"Jun 17, 2025, 8PM",2
"Jun 17, 2025, 10PM",1
"Jun 17, 2025, 11PM",3
"Jun 18, 2025, 1AM",1
"Jun 18, 2025, 6AM",1
"Jun 18, 2025, 7AM",0
"Jun 18, 2025, 8AM",1
"Jun 18, 2025, 9AM",6
"Jun 18, 2025, 10AM",12
"Jun 18, 2025, 11AM",13
"Jun 18, 2025, 12PM",5
"Jun 18, 2025, 1PM",0
"Jun 18, 2025, 3PM",8
"Jun 18, 2025, 4PM",7
"Jun 18, 2025, 5PM",4
"Jun 18, 2025, 6PM",0
"Jun 18, 2025, 8PM",2
"Jun 18, 2025, 9PM",6
"Jun 18, 2025, 10PM",7
"Jun 19, 2025, 12AM",4
"Jun 19, 2025, 1AM",1
"Jun 19, 2025, 2AM",2
"Jun 19, 2025, 7AM",3
"Jun 19, 2025, 9AM",2
"Jun 19, 2025, 10AM",2
"Jun 19, 2025, 11AM",2
"Jun 19, 2025, 12PM",1
"Jun 19, 2025, 1PM",2
"Jun 19, 2025, 2PM",11
"Jun 19, 2025, 3PM",3
"Jun 19, 2025, 4PM",3
"Jun 19, 2025, 6PM",2
"Jun 19, 2025, 7PM",1
"Jun 19, 2025, 8PM",3
"Jun 19, 2025, 9PM",5
"Jun 19, 2025, 10PM",2
"Jun 19, 2025, 11PM",8
"Jun 20, 2025, 1AM",1
"Jun 20, 2025, 8AM",2
"Jun 20, 2025, 9AM",5
"Jun 20, 2025, 11AM",14
"Jun 20, 2025, 12PM",7
"Jun 20, 2025, 1PM",1
"Jun 20, 2025, 2PM",2
"Jun 20, 2025, 3PM",5
"Jun 20, 2025, 4PM",3
"Jun 20, 2025, 5PM",1
"Jun 20, 2025, 6PM",11
"Jun 20, 2025, 8PM",3
"Jun 21, 2025, 1AM",6
"Jun 21, 2025, 2AM",3
"Jun 21, 2025, 5AM",4
"Jun 21, 2025, 9AM",4
"Jun 21, 2025, 10AM",1
"Jun 21, 2025, 12PM",1
"Jun 21, 2025, 8PM",5
"Jun 21, 2025, 11PM",9
"Jun 22, 2025, 2AM",2
"Jun 22, 2025, 9AM",2
"Jun 22, 2025, 10AM",4
"Jun 22, 2025, 11AM",7
"Jun 22, 2025, 2PM",1
"Jun 22, 2025, 4PM",1
"Jun 22, 2025, 8PM",4
"Jun 22, 2025, 10PM",2
"Jun 22, 2025, 11PM",1
"Jun 23, 2025, 12AM",2
"Jun 23, 2025, 4AM",4
"Jun 23, 2025, 12PM",2
"Jun 23, 2025, 4PM",10
"Jun 23, 2025, 6PM",2
"Jun 23, 2025, 7PM",3
"Jun 23, 2025, 8PM",10
"Jun 23, 2025, 9PM",1
"Jun 23, 2025, 11PM",7
"Jun 24, 2025, 12AM",3
"Jun 24, 2025, 2AM",1
"Jun 24, 2025, 8AM",7
"Jun 24, 2025, 9AM",1
"Jun 24, 2025, 10AM",7
"Jun 24, 2025, 11AM",4
"Jun 24, 2025, 12PM",4
"Jun 24, 2025, 2PM",8
"Jun 24, 2025, 3PM",5
"Jun 24, 2025, 4PM",3
"Jun 24, 2025, 5PM",11
"Jun 24, 2025, 6PM",6
"Jun 24, 2025, 7PM",2
"Jun 24, 2025, 8PM",6
"Jun 24, 2025, 9PM",8
"Jun 24, 2025, 10PM",10
"Jun 24, 2025, 11PM",1
"Jun 25, 2025, 12AM",8
"Jun 25, 2025, 1AM",0
"Jun 25, 2025, 8AM",4
"Jun 25, 2025, 9AM",12
"Jun 25, 2025, 10AM",3
"Jun 25, 2025, 11AM",4
"Jun 25, 2025, 12PM",12
"Jun 25, 2025, 1PM",13
"Jun 25, 2025, 2PM",6
"Jun 25, 2025, 3PM",3
"Jun 25, 2025, 4PM",2
"Jun 25, 2025, 5PM",2
"Jun 25, 2025, 6PM",3
"Jun 25, 2025, 7PM",4
"Jun 25, 2025, 8PM",4
"Jun 25, 2025, 9PM",2
"Jun 26, 2025, 12AM",5
"Jun 26, 2025, 1AM",3
"Jun 26, 2025, 2AM",3
"Jun 26, 2025, 3AM",3
"Jun 26, 2025, 4AM",1
"Jun 26, 2025, 7AM",4
"Jun 26, 2025, 10AM",1
"Jun 26, 2025, 12PM",2
"Jun 26, 2025, 2PM",9
"Jun 26, 2025, 3PM",3
"Jun 26, 2025, 4PM",9
"Jun 26, 2025, 5PM",1
"Jun 26, 2025, 6PM",5
"Jun 26, 2025, 7PM",1
"Jun 26, 2025, 8PM",2
"Jun 26, 2025, 9PM",2
"Jun 26, 2025, 10PM",5
"Jun 26, 2025, 11PM",6
"Jun 27, 2025, 2AM",1
"Jun 27, 2025, 3AM",1
"Jun 27, 2025, 6AM",1
"Jun 27, 2025, 8AM",1
"Jun 27, 2025, 10AM",3
"Jun 27, 2025, 11AM",5
"Jun 27, 2025, 12PM",1
"Jun 27, 2025, 1PM",6
"Jun 27, 2025, 2PM",9
"Jun 27, 2025, 3PM",4
"Jun 27, 2025, 4PM",1
"Jun 27, 2025, 6PM",5
"Jun 27, 2025, 7PM",3
"Jun 27, 2025, 8PM",5
"Jun 27, 2025, 9PM",3
"Jun 27, 2025, 10PM",3
"Jun 27, 2025, 11PM",5
"Jun 28, 2025, 12AM",0
"Jun 28, 2025, 1AM",7
"Jun 28, 2025, 4AM",8
"Jun 28, 2025, 12PM",2
"Jun 28, 2025, 3PM",6
"Jun 28, 2025, 4PM",2
"Jun 28, 2025, 5PM",3
"Jun 28, 2025, 6PM",8
"Jun 28, 2025, 8PM",2
"Jun 29, 2025, 12AM",0
"Jun 29, 2025, 1AM",1
"Jun 29, 2025, 2AM",1
"Jun 29, 2025, 3AM",2
"Jun 29, 2025, 6AM",1
"Jun 29, 2025, 10AM",4
"Jun 29, 2025, 11AM",1
"Jun 29, 2025, 1PM",3
"Jun 29, 2025, 3PM",3
"Jun 29, 2025, 4PM",3
"Jun 29, 2025, 7PM",7
"Jun 29, 2025, 10PM",7
"Jun 29, 2025, 11PM",5
"Jun 30, 2025, 9AM",3
"Jun 30, 2025, 10AM",4
"Jun 30, 2025, 11AM",15
"Jun 30, 2025, 12PM",0
"Jun 30, 2025, 1PM",6
"Jun 30, 2025, 2PM",5
"Jun 30, 2025, 3PM",8
"Jun 30, 2025, 4PM",4
"Jun 30, 2025, 5PM",3
"Jun 30, 2025, 7PM",4
"Jun 30, 2025, 8PM",1
"Jun 30, 2025, 9PM",3
"Jun 30, 2025, 10PM",2
"Jun 30, 2025, 11PM",2
"Jul 1, 2025, 12AM",8
"Jul 1, 2025, 1AM",2
"Jul 1, 2025, 3AM",3
"Jul 1, 2025, 8AM",2
"Jul 1, 2025, 9AM",1
"Jul 1, 2025, 10AM",5
"Jul 1, 2025, 12PM",1
"Jul 1, 2025, 2PM",3
"Jul 1, 2025, 3PM",6
"Jul 1, 2025, 4PM",3
"Jul 1, 2025, 5PM",15
"Jul 1, 2025, 6PM",3
"Jul 1, 2025, 7PM",14
"Jul 1, 2025, 9PM",1
"Jul 1, 2025, 10PM",5
"Jul 2, 2025, 7AM",4
"Jul 2, 2025, 8AM",0
"Jul 2, 2025, 10AM",8
"Jul 2, 2025, 11AM",16
"Jul 2, 2025, 12PM",10
"Jul 2, 2025, 1PM",4
"Jul 2, 2025, 2PM",6
"Jul 2, 2025, 3PM",10
"Jul 2, 2025, 4PM",19
"Jul 2, 2025, 5PM",14
"Jul 2, 2025, 6PM",13
"Jul 2, 2025, 8PM",10
"Jul 2, 2025, 11PM",4
"Jul 3, 2025, 7AM",6
"Jul 3, 2025, 8AM",4
"Jul 3, 2025, 9AM",4
"Jul 3, 2025, 10AM",10
"Jul 3, 2025, 11AM",6
"Jul 3, 2025, 12PM",5
"Jul 3, 2025, 1PM",2
"Jul 3, 2025, 2PM",2
"Jul 3, 2025, 3PM",11
"Jul 3, 2025, 4PM",1
"Jul 3, 2025, 5PM",4
"Jul 3, 2025, 8PM",8
"Jul 3, 2025, 10PM",5
"Jul 3, 2025, 11PM",2
"Jul 4, 2025, 12AM",0
"Jul 4, 2025, 1AM",1
"Jul 4, 2025, 6AM",3
"Jul 4, 2025, 9AM",5
"Jul 4, 2025, 10AM",2
"Jul 4, 2025, 11AM",0
"Jul 4, 2025, 12PM",3
"Jul 4, 2025, 7PM",2
"Jul 4, 2025, 8PM",3
"Jul 4, 2025, 9PM",2
"Jul 4, 2025, 10PM",1
"Jul 4, 2025, 11PM",1
"Jul 5, 2025, 1AM",3
"Jul 5, 2025, 5AM",2
"Jul 5, 2025, 10AM",3
"Jul 5, 2025, 12PM",2
"Jul 5, 2025, 1PM",1
"Jul 5, 2025, 2PM",4
"Jul 5, 2025, 5PM",1
"Jul 5, 2025, 6PM",6
"Jul 5, 2025, 7PM",3
"Jul 6, 2025, 2AM",1
"Jul 6, 2025, 12PM",4
"Jul 6, 2025, 1PM",2
"Jul 6, 2025, 7PM",3
"Jul 6, 2025, 10PM",3
"Jul 6, 2025, 11PM",1
"Jul 7, 2025, 2AM",2
"Jul 7, 2025, 3AM",1
"Jul 7, 2025, 9AM",7
"Jul 7, 2025, 11AM",3
"Jul 7, 2025, 12PM",5
"Jul 7, 2025, 1PM",2
"Jul 7, 2025, 2PM",3
"Jul 7, 2025, 4PM",0
"Jul 7, 2025, 5PM",1
"Jul 7, 2025, 6PM",2
"Jul 7, 2025, 11PM",2
"Jul 8, 2025, 9AM",0
"Jul 8, 2025, 1PM",2
"Jul 8, 2025, 2PM",1
"Jul 8, 2025, 4PM",7
"Jul 8, 2025, 8PM",1
"Jul 8, 2025, 10PM",1
"Jul 9, 2025, 1AM",4
"Jul 9, 2025, 3AM",2
"Jul 9, 2025, 6AM",1
"Jul 9, 2025, 9AM",1
"Jul 9, 2025, 10AM",3
"Jul 9, 2025, 11AM",1
"Jul 9, 2025, 1PM",8
"Jul 9, 2025, 3PM",3
"Jul 9, 2025, 6PM",1
"Jul 9, 2025, 7PM",2
"Jul 9, 2025, 11PM",1
"Jul 10, 2025, 12AM",4
"Jul 10, 2025, 1AM",1
"Jul 10, 2025, 3AM",3
"Jul 10, 2025, 9AM",7
"Jul 10, 2025, 10AM",19
"Jul 10, 2025, 11AM",0
"Jul 10, 2025, 12PM",3
"Jul 10, 2025, 2PM",1
"Jul 10, 2025, 3PM",6
"Jul 10, 2025, 4PM",2
"Jul 10, 2025, 6PM",4
"Jul 10, 2025, 8PM",2
"Jul 10, 2025, 9PM",0
"Jul 10, 2025, 10PM",2
"Jul 11, 2025, 3AM",3
"Jul 11, 2025, 7AM",1
"Jul 11, 2025, 8AM",2
"Jul 11, 2025, 9AM",4
"Jul 11, 2025, 10AM",2
"Jul 11, 2025, 11AM",2
"Jul 11, 2025, 2PM",3
"Jul 11, 2025, 3PM",5
"Jul 11, 2025, 4PM",2
"Jul 11, 2025, 9PM",3
"Jul 12, 2025, 12AM",8
"Jul 12, 2025, 2AM",4
"Jul 12, 2025, 2PM",1
"Jul 12, 2025, 4PM",3
"Jul 12, 2025, 5PM",1
"Jul 12, 2025, 7PM",1
"Jul 12, 2025, 9PM",5
"Jul 12, 2025, 11PM",5
"Jul 13, 2025, 12AM",1
"Jul 13, 2025, 1AM",3
"Jul 13, 2025, 10AM",2
"Jul 13, 2025, 12PM",34
"Jul 13, 2025, 1PM",3
"Jul 13, 2025, 3PM",5
"Jul 13, 2025, 4PM",2
"Jul 13, 2025, 6PM",3
"Jul 13, 2025, 7PM",3
"Jul 13, 2025, 8PM",4
"Jul 13, 2025, 9PM",1
"Jul 14, 2025, 1AM",5
"Jul 14, 2025, 4AM",1
"Jul 14, 2025, 9AM",1
"Jul 14, 2025, 11AM",5
"Jul 14, 2025, 1PM",5
"Jul 14, 2025, 2PM",2
"Jul 14, 2025, 3PM",11
"Jul 14, 2025, 4PM",4
"Jul 14, 2025, 7PM",8
"Jul 14, 2025, 11PM",1
"Jul 15, 2025, 10AM",3
"Jul 15, 2025, 11AM",2
"Jul 15, 2025, 12PM",4
"Jul 15, 2025, 1PM",10
"Jul 15, 2025, 2PM",0
"Jul 15, 2025, 3PM",6
"Jul 15, 2025, 4PM",6
"Jul 15, 2025, 5PM",6
"Jul 15, 2025, 6PM",4
"Jul 15, 2025, 8PM",8
"Jul 15, 2025, 10PM",5
"Jul 16, 2025, 12AM",4
"Jul 16, 2025, 1AM",1
"Jul 16, 2025, 7AM",1
"Jul 16, 2025, 9AM",7
"Jul 16, 2025, 10AM",4
"Jul 16, 2025, 11AM",2
"Jul 16, 2025, 1PM",3
"Jul 16, 2025, 2PM",8
"Jul 16, 2025, 3PM",6
"Jul 16, 2025, 4PM",6
"Jul 16, 2025, 5PM",1
"Jul 16, 2025, 6PM",6
"Jul 16, 2025, 7PM",6
"Jul 16, 2025, 8PM",4
"Jul 16, 2025, 9PM",2
"Jul 16, 2025, 10PM",5
"Jul 17, 2025, 12AM",1
"Jul 17, 2025, 1AM",2
"Jul 17, 2025, 2AM",1
"Jul 17, 2025, 3AM",1
"Jul 17, 2025, 4AM",2
"Jul 17, 2025, 9AM",5
"Jul 17, 2025, 10AM",4
"Jul 17, 2025, 12PM",13
"Jul 17, 2025, 1PM",9
"Jul 17, 2025, 2PM",2
"Jul 17, 2025, 3PM",11
"Jul 17, 2025, 4PM",2
"Jul 17, 2025, 5PM",2
"Jul 17, 2025, 7PM",4
"Jul 17, 2025, 8PM",2
"Jul 17, 2025, 10PM",2
"Jul 17, 2025, 11PM",4
"Jul 18, 2025, 12AM",1
"Jul 18, 2025, 1AM",3
"Jul 18, 2025, 8AM",1
"Jul 18, 2025, 9AM",2
"Jul 18, 2025, 11AM",1
"Jul 18, 2025, 12PM",2
"Jul 18, 2025, 1PM",7
"Jul 18, 2025, 2PM",0
"Jul 18, 2025, 3PM",1
"Jul 18, 2025, 5PM",4
"Jul 18, 2025, 6PM",2
"Jul 18, 2025, 7PM",1
"Jul 18, 2025, 8PM",2
"Jul 18, 2025, 9PM",0
"Jul 18, 2025, 11PM",1
"Jul 19, 2025, 8AM",1
"Jul 19, 2025, 9AM",1
"Jul 19, 2025, 1PM",8
"Jul 19, 2025, 2PM",7
"Jul 19, 2025, 3PM",4
"Jul 19, 2025, 7PM",8
"Jul 19, 2025, 9PM",4
"Jul 19, 2025, 11PM",6
"Jul 20, 2025, 12AM",1
"Jul 20, 2025, 1AM",1
"Jul 20, 2025, 9AM",5
"Jul 20, 2025, 11AM",4
"Jul 20, 2025, 12PM",0
"Jul 20, 2025, 1PM",2
"Jul 20, 2025, 9PM",5
"Jul 20, 2025, 10PM",4
"Jul 20, 2025, 11PM",8
"Jul 21, 2025, 3AM",1
"Jul 21, 2025, 8AM",1
"Jul 21, 2025, 9AM",0
"Jul 21, 2025, 10AM",1
"Jul 21, 2025, 11AM",5
"Jul 21, 2025, 12PM",3
"Jul 21, 2025, 1PM",0
"Jul 21, 2025, 2PM",4
"Jul 21, 2025, 3PM",6
"Jul 21, 2025, 4PM",3
"Jul 21, 2025, 5PM",4
"Jul 21, 2025, 6PM",1
"Jul 21, 2025, 7PM",0
"Jul 21, 2025, 8PM",3
"Jul 21, 2025, 9PM",3
"Jul 21, 2025, 10PM",0
"Jul 21, 2025, 11PM",4
"Jul 22, 2025, 1AM",2
"Jul 22, 2025, 9AM",0
"Jul 22, 2025, 12PM",2
"Jul 22, 2025, 1PM",2
"Jul 22, 2025, 2PM",5
"Jul 22, 2025, 3PM",1
"Jul 22, 2025, 4PM",1
"Jul 22, 2025, 5PM",1
"Jul 22, 2025, 6PM",4
"Jul 22, 2025, 8PM",2
"Jul 22, 2025, 9PM",1
"Jul 22, 2025, 10PM",1
"Jul 22, 2025, 11PM",5
"Jul 23, 2025, 12AM",2
"Jul 23, 2025, 5AM",1
"Jul 23, 2025, 7AM",2
"Jul 23, 2025, 9AM",5
"Jul 23, 2025, 10AM",4
"Jul 23, 2025, 11AM",0
"Jul 23, 2025, 12PM",2
"Jul 23, 2025, 1PM",1
"Jul 23, 2025, 2PM",3
"Jul 23, 2025, 3PM",7
"Jul 23, 2025, 4PM",18
"Jul 23, 2025, 5PM",3
"Jul 23, 2025, 7PM",4
"Jul 23, 2025, 9PM",4
"Jul 23, 2025, 10PM",4
"Jul 23, 2025, 11PM",7
"Jul 24, 2025, 12AM",4
"Jul 24, 2025, 7AM",1
"Jul 24, 2025, 8AM",1
"Jul 24, 2025, 9AM",1
"Jul 24, 2025, 10AM",1
"Jul 24, 2025, 11AM",1
"Jul 24, 2025, 12PM",7
"Jul 24, 2025, 1PM",1
"Jul 24, 2025, 2PM",2
"Jul 24, 2025, 3PM",2
"Jul 24, 2025, 4PM",2
"Jul 24, 2025, 5PM",1
"Jul 24, 2025, 6PM",6
"Jul 24, 2025, 7PM",5
"Jul 24, 2025, 8PM",4
"Jul 24, 2025, 9PM",1
"Jul 24, 2025, 10PM",1
"Jul 24, 2025, 11PM",1
"Jul 25, 2025, 12AM",3
"Jul 25, 2025, 1AM",3
"Jul 25, 2025, 7AM",1
"Jul 25, 2025, 8AM",3
"Jul 25, 2025, 9AM",2
"Jul 25, 2025, 10AM",0
"Jul 25, 2025, 11AM",8
"Jul 25, 2025, 12PM",2
"Jul 25, 2025, 1PM",1
"Jul 25, 2025, 3PM",4
"Jul 25, 2025, 4PM",3
"Jul 25, 2025, 5PM",1
"Jul 25, 2025, 9PM",4
"Jul 25, 2025, 10PM",5
"Jul 25, 2025, 11PM",9
"Jul 26, 2025, 12AM",1
"Jul 26, 2025, 6PM",1
"Jul 26, 2025, 9PM",2
"Jul 27, 2025, 11AM",4
"Jul 27, 2025, 12PM",4
"Jul 27, 2025, 1PM",1
"Jul 27, 2025, 7PM",1
"Jul 27, 2025, 10PM",1
"Jul 28, 2025, 12AM",1
"Jul 28, 2025, 3AM",1
"Jul 28, 2025, 10AM",6
"Jul 28, 2025, 11AM",7
"Jul 28, 2025, 12PM",2
"Jul 28, 2025, 2PM",5
"Jul 28, 2025, 4PM",1
"Jul 28, 2025, 6PM",1
"Jul 28, 2025, 7PM",6
"Jul 28, 2025, 9PM",6
"Jul 29, 2025, 1AM",9
"Jul 29, 2025, 3AM",2
"Jul 29, 2025, 8AM",2
"Jul 29, 2025, 9AM",5
"Jul 29, 2025, 11AM",8
"Jul 29, 2025, 1PM",3
"Jul 29, 2025, 2PM",4
"Jul 29, 2025, 3PM",6
"Jul 29, 2025, 4PM",4
"Jul 29, 2025, 5PM",7
"Jul 29, 2025, 6PM",2
"Jul 29, 2025, 7PM",7
"Jul 29, 2025, 8PM",5
"Jul 29, 2025, 9PM",2
"Jul 29, 2025, 10PM",1
"Jul 29, 2025, 11PM",7
"Jul 30, 2025, 12AM",0
"Jul 30, 2025, 4AM",3
"Jul 30, 2025, 5AM",3
"Jul 30, 2025, 6AM",2
"Jul 30, 2025, 9AM",1
"Jul 30, 2025, 10AM",3
"Jul 30, 2025, 11AM",1
"Jul 30, 2025, 12PM",14
"Jul 30, 2025, 2PM",2
"Jul 30, 2025, 3PM",2
"Jul 30, 2025, 4PM",2
"Jul 30, 2025, 5PM",4
"Jul 30, 2025, 7PM",7
"Jul 30, 2025, 8PM",1
"Jul 30, 2025, 9PM",2
"Jul 30, 2025, 10PM",2
"Jul 31, 2025, 1AM",1
"Jul 31, 2025, 8AM",4
"Jul 31, 2025, 10AM",3
"Jul 31, 2025, 12PM",1
"Jul 31, 2025, 1PM",7
"Jul 31, 2025, 3PM",4
"Jul 31, 2025, 4PM",5
"Jul 31, 2025, 5PM",2
"Jul 31, 2025, 10PM",5
"Aug 1, 2025, 4AM",2
"Aug 1, 2025, 10AM",2
"Aug 1, 2025, 11AM",2
"Aug 1, 2025, 12PM",4
"Aug 1, 2025, 2PM",2
"Aug 1, 2025, 4PM",1
"Aug 1, 2025, 6PM",1
"Aug 1, 2025, 8PM",6
"Aug 1, 2025, 9PM",3
"Aug 2, 2025, 10AM",5
"Aug 2, 2025, 12PM",1
"Aug 2, 2025, 5PM",2
"Aug 2, 2025, 7PM",2
"Aug 2, 2025, 10PM",3
"Aug 3, 2025, 11AM",6
"Aug 3, 2025, 1PM",3
"Aug 3, 2025, 2PM",3
"Aug 3, 2025, 4PM",1
"Aug 3, 2025, 10PM",3
"Aug 3, 2025, 11PM",2
"Aug 4, 2025, 1AM",5
"Aug 4, 2025, 11AM",1
"Aug 4, 2025, 12PM",15
"Aug 4, 2025, 1PM",1
"Aug 4, 2025, 2PM",2
"Aug 4, 2025, 3PM",2
"Aug 4, 2025, 4PM",4
"Aug 4, 2025, 5PM",2
"Aug 4, 2025, 6PM",5
"Aug 4, 2025, 9PM",2
"Aug 4, 2025, 10PM",1
"Aug 5, 2025, 12AM",5
"Aug 5, 2025, 9AM",6
"Aug 5, 2025, 10AM",1
"Aug 5, 2025, 11AM",5
"Aug 5, 2025, 12PM",1
"Aug 5, 2025, 1PM",5
"Aug 5, 2025, 2PM",5
"Aug 5, 2025, 3PM",3
"Aug 5, 2025, 4PM",9
"Aug 5, 2025, 5PM",10
"Aug 5, 2025, 6PM",2
"Aug 5, 2025, 7PM",5
"Aug 5, 2025, 8PM",1
"Aug 5, 2025, 9PM",2
"Aug 5, 2025, 10PM",4
"Aug 6, 2025, 12AM",4
"Aug 6, 2025, 1AM",4
"Aug 6, 2025, 4AM",2
"Aug 6, 2025, 6AM",1
"Aug 6, 2025, 9AM",6
"Aug 6, 2025, 10AM",9
"Aug 6, 2025, 11AM",4
"Aug 6, 2025, 12PM",2
"Aug 6, 2025, 1PM",4
"Aug 6, 2025, 2PM",0
"Aug 6, 2025, 3PM",5
"Aug 6, 2025, 5PM",1
"Aug 6, 2025, 6PM",1
"Aug 6, 2025, 8PM",5
"Aug 6, 2025, 11PM",1
"Aug 7, 2025, 4AM",2
"Aug 7, 2025, 5AM",1
"Aug 7, 2025, 8AM",1
"Aug 7, 2025, 9AM",6
"Aug 7, 2025, 10AM",4
"Aug 7, 2025, 11AM",2
"Aug 7, 2025, 12PM",1
"Aug 7, 2025, 2PM",7
"Aug 7, 2025, 4PM",7
"Aug 7, 2025, 5PM",3
"Aug 7, 2025, 6PM",0
"Aug 7, 2025, 8PM",1
"Aug 7, 2025, 10PM",2
"Aug 7, 2025, 11PM",5
"Aug 8, 2025, 12AM",7
"Aug 8, 2025, 2AM",2
"Aug 8, 2025, 7AM",6
"Aug 8, 2025, 8AM",2
"Aug 8, 2025, 9AM",1
"Aug 8, 2025, 10AM",11
"Aug 8, 2025, 11AM",3
"Aug 8, 2025, 12PM",9
"Aug 8, 2025, 1PM",1
"Aug 8, 2025, 2PM",2
"Aug 8, 2025, 3PM",6
"Aug 8, 2025, 4PM",4
"Aug 8, 2025, 5PM",2
"Aug 8, 2025, 6PM",7
"Aug 8, 2025, 7PM",0
"Aug 8, 2025, 9PM",1
"Aug 8, 2025, 10PM",6
"Aug 8, 2025, 11PM",1
"Aug 9, 2025, 12AM",1
"Aug 9, 2025, 5AM",3
"Aug 9, 2025, 10AM",5
"Aug 9, 2025, 11AM",3
"Aug 9, 2025, 1PM",2
"Aug 9, 2025, 2PM",2
"Aug 9, 2025, 3PM",3
"Aug 9, 2025, 6PM",3
"Aug 9, 2025, 7PM",4
"Aug 9, 2025, 8PM",3
"Aug 9, 2025, 10PM",2
"Aug 9, 2025, 11PM",7
"Aug 10, 2025, 3PM",1
"Aug 10, 2025, 6PM",1
"Aug 10, 2025, 10PM",4
"Aug 10, 2025, 11PM",6
"Aug 11, 2025, 1AM",0
"Aug 11, 2025, 2AM",1
"Aug 11, 2025, 8AM",1
"Aug 11, 2025, 9AM",7
"Aug 11, 2025, 10AM",2
"Aug 11, 2025, 11AM",8
"Aug 11, 2025, 12PM",4
"Aug 11, 2025, 1PM",2
"Aug 11, 2025, 2PM",1
"Aug 11, 2025, 4PM",4
"Aug 11, 2025, 5PM",12
"Aug 11, 2025, 6PM",2
"Aug 11, 2025, 9PM",7
"Aug 11, 2025, 10PM",3
"Aug 11, 2025, 11PM",1
"Aug 12, 2025, 9AM",1
"Aug 12, 2025, 10AM",2
"Aug 12, 2025, 12PM",2
"Aug 12, 2025, 2PM",4
"Aug 12, 2025, 3PM",3
"Aug 12, 2025, 5PM",2
"Aug 12, 2025, 6PM",1
"Aug 12, 2025, 9PM",4
"Aug 12, 2025, 10PM",1
"Aug 12, 2025, 11PM",7
"Aug 13, 2025, 12AM",5
"Aug 13, 2025, 9AM",9
"Aug 13, 2025, 10AM",3
"Aug 13, 2025, 12PM",1
"Aug 13, 2025, 1PM",6
"Aug 13, 2025, 2PM",2
"Aug 13, 2025, 3PM",17
"Aug 13, 2025, 4PM",3
"Aug 13, 2025, 6PM",4
"Aug 13, 2025, 8PM",2
"Aug 13, 2025, 9PM",2
"Aug 13, 2025, 10PM",3
"Aug 14, 2025, 12AM",2
"Aug 14, 2025, 1AM",3
"Aug 14, 2025, 10AM",2
"Aug 14, 2025, 11AM",7
"Aug 14, 2025, 2PM",10
"Aug 14, 2025, 3PM",4
"Aug 14, 2025, 4PM",1
"Aug 14, 2025, 5PM",2
"Aug 14, 2025, 6PM",3
"Aug 14, 2025, 10PM",1
"Aug 15, 2025, 12AM",5
"Aug 15, 2025, 3AM",7
"Aug 15, 2025, 10AM",1
"Aug 15, 2025, 11AM",0
"Aug 15, 2025, 12PM",17
"Aug 15, 2025, 2PM",4
"Aug 15, 2025, 7PM",2
"Aug 15, 2025, 9PM",1
"Aug 15, 2025, 10PM",5
"Aug 15, 2025, 11PM",1
"Aug 16, 2025, 7AM",2
"Aug 16, 2025, 9AM",2
"Aug 16, 2025, 11AM",3
"Aug 16, 2025, 12PM",1
"Aug 16, 2025, 3PM",1
"Aug 16, 2025, 4PM",1
"Aug 16, 2025, 5PM",15
"Aug 16, 2025, 7PM",1
"Aug 16, 2025, 8PM",1
"Aug 16, 2025, 10PM",3
"Aug 16, 2025, 11PM",1
"Aug 17, 2025, 12AM",1
"Aug 17, 2025, 1AM",1
"Aug 17, 2025, 3AM",1
"Aug 17, 2025, 4AM",4
"Aug 17, 2025, 5AM",0
"Aug 17, 2025, 8AM",1
"Aug 17, 2025, 9AM",0
"Aug 17, 2025, 10AM",4
"Aug 17, 2025, 11AM",0
"Aug 17, 2025, 12PM",3
"Aug 17, 2025, 1PM",4
"Aug 17, 2025, 2PM",1
"Aug 17, 2025, 3PM",1
"Aug 17, 2025, 4PM",4
"Aug 17, 2025, 5PM",5
"Aug 17, 2025, 6PM",2
"Aug 17, 2025, 8PM",3
"Aug 17, 2025, 9PM",6
"Aug 17, 2025, 11PM",3
"Aug 18, 2025, 5AM",1
"Aug 18, 2025, 8AM",1
"Aug 18, 2025, 9AM",3
"Aug 18, 2025, 10AM",9
"Aug 18, 2025, 11AM",2
"Aug 18, 2025, 12PM",2
"Aug 18, 2025, 2PM",1
"Aug 18, 2025, 3PM",9
"Aug 18, 2025, 4PM",8
"Aug 18, 2025, 5PM",2
"Aug 18, 2025, 11PM",3
"Aug 19, 2025, 1AM",1
"Aug 19, 2025, 9AM",4
"Aug 19, 2025, 11AM",2
"Aug 19, 2025, 12PM",3
"Aug 19, 2025, 1PM",1
"Aug 19, 2025, 2PM",1
"Aug 19, 2025, 3PM",1
"Aug 19, 2025, 4PM",1
"Aug 19, 2025, 5PM",1
"Aug 19, 2025, 6PM",1
"Aug 19, 2025, 9PM",4
"Aug 19, 2025, 10PM",5
"Aug 19, 2025, 11PM",2
"Aug 20, 2025, 8AM",1
"Aug 20, 2025, 9AM",5
"Aug 20, 2025, 10AM",3
"Aug 20, 2025, 12PM",1
"Aug 20, 2025, 1PM",1
"Aug 20, 2025, 3PM",1
"Aug 20, 2025, 4PM",2
"Aug 20, 2025, 5PM",8
"Aug 20, 2025, 6PM",3
"Aug 20, 2025, 7PM",12
"Aug 20, 2025, 8PM",1
"Aug 20, 2025, 9PM",3
"Aug 20, 2025, 11PM",2
"Aug 21, 2025, 2AM",1
"Aug 21, 2025, 9AM",6
"Aug 21, 2025, 10AM",7
"Aug 21, 2025, 11AM",4
"Aug 21, 2025, 12PM",1
"Aug 21, 2025, 3PM",1
"Aug 21, 2025, 5PM",6
"Aug 21, 2025, 6PM",4
"Aug 21, 2025, 7PM",2
"Aug 21, 2025, 9PM",1
"Aug 21, 2025, 11PM",1
"Aug 22, 2025, 12AM",4
"Aug 22, 2025, 10AM",21
"Aug 22, 2025, 11AM",11
"Aug 22, 2025, 12PM",2
"Aug 22, 2025, 1PM",6
"Aug 22, 2025, 2PM",7
"Aug 22, 2025, 3PM",6
"Aug 22, 2025, 6PM",1
"Aug 22, 2025, 7PM",0
"Aug 22, 2025, 8PM",3
"Aug 22, 2025, 9PM",1
"Aug 22, 2025, 10PM",2
"Aug 22, 2025, 11PM",7
"Aug 23, 2025, 10AM",1
"Aug 23, 2025, 11AM",1
"Aug 23, 2025, 1PM",8
"Aug 23, 2025, 2PM",1
"Aug 23, 2025, 3PM",5
"Aug 23, 2025, 5PM",4
"Aug 23, 2025, 10PM",1
"Aug 24, 2025, 1AM",3
"Aug 24, 2025, 4AM",1
"Aug 24, 2025, 8AM",1
"Aug 24, 2025, 1PM",3
"Aug 24, 2025, 2PM",8
"Aug 24, 2025, 4PM",1
"Aug 24, 2025, 6PM",7
"Aug 24, 2025, 7PM",8
"Aug 24, 2025, 8PM",1
"Aug 24, 2025, 9PM",1
"Aug 24, 2025, 11PM",1
"Aug 25, 2025, 9AM",3
"Aug 25, 2025, 10AM",12
"Aug 25, 2025, 12PM",2
"Aug 25, 2025, 3PM",1
"Aug 25, 2025, 4PM",1
"Aug 25, 2025, 5PM",5
"Aug 25, 2025, 6PM",1
"Aug 25, 2025, 7PM",6
"Aug 25, 2025, 8PM",1
"Aug 25, 2025, 10PM",1
"Aug 25, 2025, 11PM",7
"Aug 26, 2025, 12AM",6
"Aug 26, 2025, 9AM",1
"Aug 26, 2025, 10AM",6
"Aug 26, 2025, 11AM",2
"Aug 26, 2025, 12PM",3
"Aug 26, 2025, 3PM",1
"Aug 26, 2025, 4PM",3
"Aug 26, 2025, 5PM",0
"Aug 26, 2025, 6PM",0
"Aug 26, 2025, 8PM",4
"Aug 26, 2025, 9PM",2
"Aug 26, 2025, 10PM",2
"Aug 26, 2025, 11PM",1
"Aug 27, 2025, 12AM",1
"Aug 27, 2025, 1AM",1
"Aug 27, 2025, 12PM",1
"Aug 27, 2025, 1PM",1
"Aug 27, 2025, 2PM",2
"Aug 27, 2025, 3PM",3
"Aug 27, 2025, 4PM",7
"Aug 27, 2025, 7PM",0
"Aug 27, 2025, 8PM",2
"Aug 27, 2025, 10PM",2
"Aug 28, 2025, 3AM",1
"Aug 28, 2025, 4AM",1
"Aug 28, 2025, 7AM",1
"Aug 28, 2025, 9AM",7
"Aug 28, 2025, 10AM",5
"Aug 28, 2025, 11AM",1
"Aug 28, 2025, 12PM",2
"Aug 28, 2025, 1PM",3
"Aug 28, 2025, 2PM",2
"Aug 28, 2025, 3PM",2
"Aug 28, 2025, 4PM",0
"Aug 28, 2025, 8PM",2
"Aug 28, 2025, 11PM",5
"Aug 29, 2025, 2AM",1
"Aug 29, 2025, 10AM",3
"Aug 29, 2025, 11AM",3
"Aug 29, 2025, 12PM",9
"Aug 29, 2025, 1PM",1
"Aug 29, 2025, 3PM",2
"Aug 29, 2025, 4PM",4
"Aug 29, 2025, 5PM",2
"Aug 29, 2025, 9PM",2
"Aug 29, 2025, 11PM",1
"Aug 30, 2025, 12AM",6
"Aug 30, 2025, 4AM",3
"Aug 30, 2025, 12PM",2
"Aug 30, 2025, 1PM",1
"Aug 30, 2025, 2PM",0
"Aug 30, 2025, 7PM",5
"Aug 30, 2025, 8PM",1
"Aug 30, 2025, 9PM",5
"Aug 30, 2025, 10PM",2
"Aug 30, 2025, 11PM",3
"Aug 31, 2025, 12AM",3
"Aug 31, 2025, 11AM",1
"Aug 31, 2025, 2PM",2
"Aug 31, 2025, 3PM",2
"Aug 31, 2025, 8PM",2
"Aug 31, 2025, 9PM",1
"Sep 1, 2025, 3AM",3
"Sep 1, 2025, 8AM",2
"Sep 1, 2025, 9AM",1
"Sep 1, 2025, 10AM",6
"Sep 1, 2025, 11AM",10
"Sep 1, 2025, 12PM",0
"Sep 1, 2025, 1PM",1
"Sep 1, 2025, 2PM",2
"Sep 1, 2025, 4PM",1
"Sep 1, 2025, 5PM",5
"Sep 1, 2025, 7PM",1
"Sep 1, 2025, 9PM",3
"Sep 1, 2025, 10PM",7
"Sep 2, 2025, 5AM",1
"Sep 2, 2025, 6AM",1
"Sep 2, 2025, 7AM",3
"Sep 2, 2025, 8AM",8
"Sep 2, 2025, 9AM",5
"Sep 2, 2025, 10AM",0
"Sep 2, 2025, 11AM",0
"Sep 2, 2025, 12PM",10
"Sep 2, 2025, 1PM",2
"Sep 2, 2025, 2PM",9
"Sep 2, 2025, 3PM",3
"Sep 2, 2025, 4PM",1
"Sep 2, 2025, 5PM",4
"Sep 2, 2025, 6PM",4
"Sep 2, 2025, 10PM",6
"Sep 2, 2025, 11PM",0
"Sep 3, 2025, 7AM",1
"Sep 3, 2025, 11AM",1
"Sep 3, 2025, 12PM",5
"Sep 3, 2025, 1PM",4
"Sep 3, 2025, 2PM",2
"Sep 3, 2025, 4PM",6
"Sep 3, 2025, 5PM",1
"Sep 3, 2025, 6PM",1
"Sep 3, 2025, 7PM",1
"Sep 3, 2025, 8PM",2
"Sep 3, 2025, 9PM",4
"Sep 3, 2025, 10PM",4
"Sep 3, 2025, 11PM",5
"Sep 4, 2025, 8AM",2
"Sep 4, 2025, 9AM",6
"Sep 4, 2025, 11AM",7
"Sep 4, 2025, 12PM",6
"Sep 4, 2025, 1PM",3
"Sep 4, 2025, 2PM",2
"Sep 4, 2025, 3PM",4
"Sep 4, 2025, 4PM",2
"Sep 4, 2025, 5PM",1
"Sep 4, 2025, 8PM",1
"Sep 4, 2025, 9PM",6
"Sep 4, 2025, 10PM",3
"Sep 5, 2025, 7AM",5
"Sep 5, 2025, 8AM",0
"Sep 5, 2025, 9AM",11
"Sep 5, 2025, 10AM",3
"Sep 5, 2025, 11AM",15
"Sep 5, 2025, 12PM",2
"Sep 5, 2025, 2PM",3
"Sep 5, 2025, 3PM",1
"Sep 5, 2025, 4PM",3
"Sep 5, 2025, 5PM",3
"Sep 5, 2025, 7PM",1
"Sep 5, 2025, 8PM",3
"Sep 5, 2025, 11PM",3
"Sep 6, 2025, 8AM",5
"Sep 6, 2025, 10AM",4
"Sep 6, 2025, 12PM",1
"Sep 6, 2025, 2PM",3
"Sep 6, 2025, 4PM",6
"Sep 6, 2025, 6PM",1
"Sep 6, 2025, 7PM",5
"Sep 6, 2025, 8PM",1
"Sep 6, 2025, 10PM",2
"Sep 6, 2025, 11PM",1
"Sep 7, 2025, 12AM",5
"Sep 7, 2025, 9AM",2
"Sep 7, 2025, 10AM",1
"Sep 7, 2025, 11AM",1
"Sep 7, 2025, 1PM",3
"Sep 7, 2025, 2PM",11
"Sep 7, 2025, 5PM",1
"Sep 7, 2025, 6PM",2
"Sep 7, 2025, 7PM",3
"Sep 7, 2025, 8PM",3
"Sep 7, 2025, 10PM",6
"Sep 7, 2025, 11PM",1
"Sep 8, 2025, 1PM",1
"Sep 8, 2025, 2PM",10
"Sep 8, 2025, 3PM",1
"Sep 8, 2025, 4PM",5
"Sep 8, 2025, 5PM",4
"Sep 8, 2025, 7PM",8
"Sep 8, 2025, 10PM",2
"Sep 8, 2025, 11PM",2
"Sep 9, 2025, 3AM",1
"Sep 9, 2025, 8AM",2
"Sep 9, 2025, 10AM",1
"Sep 9, 2025, 11AM",1
"Sep 9, 2025, 12PM",2
"Sep 9, 2025, 1PM",1
"Sep 9, 2025, 2PM",1
"Sep 9, 2025, 3PM",1
"Sep 9, 2025, 6PM",5
"Sep 9, 2025, 9PM",6
"Sep 9, 2025, 10PM",1
"Sep 9, 2025, 11PM",1
"Sep 10, 2025, 12AM",1
"Sep 10, 2025, 7AM",1
"Sep 10, 2025, 8AM",0
"Sep 10, 2025, 9AM",5
"Sep 10, 2025, 10AM",1
"Sep 10, 2025, 11AM",3
"Sep 10, 2025, 12PM",3
"Sep 10, 2025, 1PM",1
"Sep 10, 2025, 2PM",3
"Sep 10, 2025, 3PM",0
"Sep 10, 2025, 5PM",4
"Sep 10, 2025, 6PM",5
"Sep 10, 2025, 7PM",1
"Sep 10, 2025, 8PM",3
"Sep 10, 2025, 10PM",4
"Sep 10, 2025, 11PM",1
"Sep 11, 2025, 12AM",3
"Sep 11, 2025, 10AM",3
"Sep 11, 2025, 11AM",2
"Sep 11, 2025, 12PM",4
"Sep 11, 2025, 2PM",2
"Sep 11, 2025, 4PM",2
"Sep 11, 2025, 5PM",31
"Sep 11, 2025, 7PM",2
"Sep 11, 2025, 8PM",8
"Sep 11, 2025, 11PM",8
"Sep 12, 2025, 9AM",0
"Sep 12, 2025, 11AM",5
"Sep 12, 2025, 12PM",4
"Sep 12, 2025, 1PM",2
"Sep 12, 2025, 2PM",3
"Sep 12, 2025, 3PM",12
"Sep 12, 2025, 4PM",1
"Sep 12, 2025, 6PM",3
"Sep 12, 2025, 7PM",5
"Sep 12, 2025, 8PM",3
"Sep 12, 2025, 10PM",2
"Sep 12, 2025, 11PM",4
"Sep 13, 2025, 12AM",3
"Sep 13, 2025, 2AM",5
"Sep 13, 2025, 7AM",8
"Sep 13, 2025, 8AM",0
"Sep 13, 2025, 10AM",4
"Sep 13, 2025, 12PM",4
"Sep 13, 2025, 1PM",2
"Sep 13, 2025, 3PM",9
"Sep 13, 2025, 4PM",1
"Sep 13, 2025, 5PM",0
"Sep 13, 2025, 6PM",6
"Sep 13, 2025, 8PM",1
"Sep 13, 2025, 11PM",1
"Sep 14, 2025, 12AM",0
"Sep 14, 2025, 10AM",2
"Sep 14, 2025, 2PM",1
"Sep 14, 2025, 3PM",2
"Sep 14, 2025, 4PM",5
"Sep 14, 2025, 5PM",4
"Sep 14, 2025, 6PM",3
"Sep 14, 2025, 7PM",3
"Sep 14, 2025, 8PM",1
"Sep 14, 2025, 11PM",4
"Sep 15, 2025, 7AM",2
"Sep 15, 2025, 8AM",2
"Sep 15, 2025, 9AM",2
"Sep 15, 2025, 10AM",2
"Sep 15, 2025, 11AM",18
"Sep 15, 2025, 12PM",17
"Sep 15, 2025, 1PM",1
"Sep 15, 2025, 3PM",8
"Sep 15, 2025, 4PM",1
"Sep 15, 2025, 5PM",1
"Sep 15, 2025, 6PM",4
"Sep 15, 2025, 8PM",5
"Sep 15, 2025, 9PM",4
"Sep 15, 2025, 10PM",8
"Sep 15, 2025, 11PM",1
"Sep 16, 2025, 1AM",1
"Sep 16, 2025, 8AM",7
"Sep 16, 2025, 10AM",7
"Sep 16, 2025, 11AM",7
"Sep 16, 2025, 12PM",1
"Sep 16, 2025, 1PM",9
"Sep 16, 2025, 2PM",1
"Sep 16, 2025, 3PM",5
"Sep 16, 2025, 4PM",1
"Sep 16, 2025, 5PM",1
"Sep 16, 2025, 6PM",12
"Sep 16, 2025, 7PM",0
"Sep 16, 2025, 9PM",2
"Sep 16, 2025, 10PM",5
"Sep 16, 2025, 11PM",5
"Sep 17, 2025, 6AM",0
"Sep 17, 2025, 9AM",4
"Sep 17, 2025, 10AM",7
"Sep 17, 2025, 11AM",6
"Sep 17, 2025, 12PM",7
"Sep 17, 2025, 2PM",1
"Sep 17, 2025, 3PM",6
"Sep 17, 2025, 4PM",5
"Sep 17, 2025, 5PM",2
"Sep 17, 2025, 6PM",1
"Sep 17, 2025, 7PM",4
"Sep 17, 2025, 9PM",5
"Sep 17, 2025, 10PM",5
"Sep 17, 2025, 11PM",4
"Sep 18, 2025, 9AM",3
"Sep 18, 2025, 11AM",4
"Sep 18, 2025, 12PM",3
"Sep 18, 2025, 1PM",3
"Sep 18, 2025, 2PM",1
"Sep 18, 2025, 3PM",18
"Sep 18, 2025, 4PM",10
"Sep 18, 2025, 5PM",5
"Sep 18, 2025, 6PM",0
"Sep 18, 2025, 7PM",1
"Sep 18, 2025, 9PM",6
"Sep 18, 2025, 11PM",2
"Sep 19, 2025, 9AM",1
"Sep 19, 2025, 10AM",11
"Sep 19, 2025, 11AM",7
"Sep 19, 2025, 12PM",4
"Sep 19, 2025, 1PM",5
"Sep 19, 2025, 2PM",12
"Sep 19, 2025, 3PM",9
"Sep 19, 2025, 4PM",2
"Sep 19, 2025, 5PM",4
"Sep 19, 2025, 7PM",7
"Sep 19, 2025, 8PM",0
"Sep 19, 2025, 9PM",2
"Sep 19, 2025, 10PM",5
"Sep 20, 2025, 12AM",1
"Sep 20, 2025, 10AM",1
"Sep 20, 2025, 12PM",2
"Sep 20, 2025, 1PM",4
"Sep 20, 2025, 2PM",1
"Sep 20, 2025, 3PM",2
"Sep 20, 2025, 4PM",3
"Sep 20, 2025, 7PM",1
"Sep 20, 2025, 8PM",1
"Sep 20, 2025, 11PM",4
"Sep 21, 2025, 1AM",3
"Sep 21, 2025, 2AM",1
"Sep 21, 2025, 6AM",1
"Sep 21, 2025, 9AM",1
"Sep 21, 2025, 10AM",9
"Sep 21, 2025, 11AM",1
"Sep 21, 2025, 1PM",3
"Sep 21, 2025, 2PM",1
"Sep 21, 2025, 3PM",2
"Sep 21, 2025, 4PM",1
"Sep 21, 2025, 5PM",2
"Sep 21, 2025, 9PM",3
"Sep 21, 2025, 10PM",3
"Sep 21, 2025, 11PM",3
"Sep 22, 2025, 9AM",4
"Sep 22, 2025, 10AM",3
"Sep 22, 2025, 11AM",4
"Sep 22, 2025, 12PM",2
"Sep 22, 2025, 1PM",5
"Sep 22, 2025, 2PM",4
"Sep 22, 2025, 3PM",4
"Sep 22, 2025, 4PM",3
"Sep 22, 2025, 5PM",2
"Sep 22, 2025, 6PM",1
"Sep 22, 2025, 7PM",4
"Sep 22, 2025, 8PM",2
"Sep 22, 2025, 9PM",2
"Sep 22, 2025, 10PM",9
"Sep 22, 2025, 11PM",1
"Sep 23, 2025, 1AM",4
"Sep 23, 2025, 2AM",2
"Sep 23, 2025, 8AM",2
"Sep 23, 2025, 10AM",3
"Sep 23, 2025, 11AM",5
"Sep 23, 2025, 12PM",4
"Sep 23, 2025, 1PM",3
"Sep 23, 2025, 2PM",9
"Sep 23, 2025, 3PM",5
"Sep 23, 2025, 4PM",2
"Sep 23, 2025, 6PM",6
"Sep 23, 2025, 7PM",4
"Sep 23, 2025, 8PM",1
"Sep 23, 2025, 9PM",2
"Sep 24, 2025, 12AM",1
"Sep 24, 2025, 9AM",1
"Sep 24, 2025, 10AM",1
"Sep 24, 2025, 11AM",3
"Sep 24, 2025, 1PM",1
"Sep 24, 2025, 2PM",9
"Sep 24, 2025, 3PM",4
"Sep 24, 2025, 4PM",1
"Sep 24, 2025, 5PM",1
"Sep 24, 2025, 6PM",2